frame,abs_rel,rmse,d1,d2,d3
0,0.49430058940912525,9.354842193914743,0.2894518087490908,0.7688141077975864,0.8602038089865958
1,0.49348556191286974,9.35069168815437,0.2879470167216782,0.7693656836337753,0.8606420429706084
2,0.4932806306078673,9.36033704511437,0.28677366727975284,0.7696554989972404,0.8609533861507835
3,0.4921419566911276,9.353307897761765,0.286340541924757,0.7700987578262144,0.8613768199311924
