{
  "sim3": {
    "APE": {
      "trans_rmse": 102.8643722517987,
      "trans_mean": 102.86433359609029,
      "trans_median": 102.85799084219474,
      "trans_std": 0.08917728895101974,
      "rot_rmse_deg": 167.47093712221718,
      "rot_mean_deg": 167.3789354399318,
      "rot_median_deg": 169.0924181075058,
      "rot_std_deg": 5.5503830127975915,
      "num_poses": 4,
      "mode": "sim3"
    },
    "RPE": {
      "delta": 1,
      "delta_unit": "frames",
      "trans_rmse": 0.19126580448658217,
      "trans_mean": 0.18859922046819885,
      "trans_median": 0.18177435682136847,
      "trans_std": 0.031826749829148404,
      "rot_rmse_deg": 112.70941295306292,
      "rot_mean_deg": 112.22908704339618,
      "rot_median_deg": 118.75610921215473,
      "rot_std_deg": 10.394411461447671,
      "mode": "sim3"
    }
  }
}