{
  "sequence_mean": {
    "abs_rel": 0.4933021846552475,
    "rmse": 9.354794706236312,
    "d1": 0.2876282586688197,
    "d2": 0.769483512063704,
    "d3": 0.860794014509795
  },
  "per_frame": [
    {
      "abs_rel": 0.49430058940912525,
      "rmse": 9.354842193914743,
      "d1": 0.2894518087490908,
      "d2": 0.7688141077975864,
      "d3": 0.8602038089865958
    },
    {
      "abs_rel": 0.49348556191286974,
      "rmse": 9.35069168815437,
      "d1": 0.2879470167216782,
      "d2": 0.7693656836337753,
      "d3": 0.8606420429706084
    },
    {
      "abs_rel": 0.4932806306078673,
      "rmse": 9.36033704511437,
      "d1": 0.28677366727975284,
      "d2": 0.7696554989972404,
      "d3": 0.8609533861507835
    },
    {
      "abs_rel": 0.4921419566911276,
      "rmse": 9.353307897761765,
      "d1": 0.286340541924757,
      "d2": 0.7700987578262144,
      "d3": 0.8613768199311924
    }
  ]
}