frame,abs_rel,rmse,d1,d2,d3
0,0.6834694887441863,19.2113133836326,0.2504258475320703,0.4226317148326324,0.5529494620189832
1,0.6806551501486965,19.177610505433062,0.2533267645868182,0.4240897321326276,0.5541631340558955
2,0.6789076667787352,19.13174066383224,0.2559867821017558,0.42430797764018047,0.5548767353074628
3,0.6761228658765371,19.080148563006887,0.25814463580530345,0.424674676777732,0.5561821917002374
