{
  "sequence_mean": {
    "abs_rel": 0.6797887928870388,
    "rmse": 19.1502032789762,
    "d1": 0.25447100750648693,
    "d2": 0.42392602534579316,
    "d3": 0.5545428807706447
  },
  "per_frame": [
    {
      "abs_rel": 0.6834694887441863,
      "rmse": 19.2113133836326,
      "d1": 0.2504258475320703,
      "d2": 0.4226317148326324,
      "d3": 0.5529494620189832
    },
    {
      "abs_rel": 0.6806551501486965,
      "rmse": 19.177610505433062,
      "d1": 0.2533267645868182,
      "d2": 0.4240897321326276,
      "d3": 0.5541631340558955
    },
    {
      "abs_rel": 0.6789076667787352,
      "rmse": 19.13174066383224,
      "d1": 0.2559867821017558,
      "d2": 0.42430797764018047,
      "d3": 0.5548767353074628
    },
    {
      "abs_rel": 0.6761228658765371,
      "rmse": 19.080148563006887,
      "d1": 0.25814463580530345,
      "d2": 0.424674676777732,
      "d3": 0.5561821917002374
    }
  ]
}