{
  "summary": {
    "depth_overall_mean": {
      "abs_rel": 0.5865454887711431,
      "rmse": 14.252498992606256,
      "d1": 0.2710496330876533,
      "d2": 0.5967047687047486,
      "d3": 0.7076684476402199
    },
    "camera_overall_mean": {
      "sim3": {
        "APE": {
          "trans_rmse": 115.85528934425318,
          "trans_mean": 115.8550791543582,
          "trans_median": 115.8525044369564,
          "trans_std": 0.2014064160389547,
          "rot_rmse_deg": 162.18629163992978,
          "rot_mean_deg": 161.53091849144545,
          "rot_median_deg": 166.47321893384742,
          "rot_std_deg": 12.53429922871788,
          "num_poses": 4.0
        },
        "RPE": {
          "delta": 1.0,
          "trans_rmse": 0.2647980852933963,
          "trans_mean": 0.26265255644349655,
          "trans_median": 0.2639387787931982,
          "trans_std": 0.03247068927987652,
          "rot_rmse_deg": 117.68867673686034,
          "rot_mean_deg": 109.72018346781255,
          "rot_median_deg": 121.79074391806628,
          "rot_std_deg": 35.001421436936376
        }
      }
    }
  },
  "num_sequences": 2
}